miRDeep2 score	estimated signal-to-noise	excision gearing
10	3.1	1
9	2.9	1
8	2.5	1
7	2.4	1
6	2.2	1
5	2	1
4	1.9	1
3	1.7	1
2	1.7	1
1	3.3	1
0	1.8	1
-1	1	1
-2	0.6	1
-3	0.5	1
-4	0.6	1
-5	0.6	1
-6	1	1
-7	1	1
-8	1	1
-9	1	1
-10	1.1	1



novel miRNAs predicted by miRDeep2
provisional id	miRDeep2 score	estimated probability that the miRNA candidate is a true positive	rfam alert	total read count	mature read count	loop read count	star read count	significant randfold p-value	miRBase miRNA	example miRBase miRNA with the same seed	UCSC browser	NCBI blastn	consensus mature sequence	consensus star sequence	consensus precursor sequence	precursor coordinate
KY242785.1_160	26.6		-	47	36	0	11	yes	-	-	-	-	cccggucgggggucuucacgcucu	agcgugaagacccccgaccgggc	cccggucgggggucuucacgcucuuaccauauaccauguauaagagcgugaagacccccgaccgggc	KY242785.1:72419..72486:+
KY242785.1_551	1.5		-	19	19	0	0	yes	-	-	-	-	aacgauuggcugcucucaag	agagggcggcguuugaggc	agagggcggcguuugaggccuuuuuguuuuugucgaccccacagcaaaggcaacgauuggcugcucucaag	KY242785.1:188749..188820:+
KY242785.1_943	1.3		-	16	16	0	0	yes	-	-	-	-	cuccaugccggucuguggauc	ucuacauccuggucauggaauu	cuccaugccggucuguggaucaauuguuacauauucuacauccuggucauggaauu	KY242785.1:163055..163111:-
KY242785.1_1024	1.3		-	42	42	0	0	yes	-	-	-	-	ucugguuggcucacuggc	cacuagaaugcugguggg	cacuagaaugcuggugggugguucuucaauaacuugaaccaccucugguuggcucacuggc	KY242785.1:194296..194357:-
KY242785.1_962	0		-	11	11	0	0	yes	-	-	-	-	guggguaugauucuaaac	uuagcaguugugguauac	uuagcaguugugguauacucgagauugaguguggguaugauucuaaac	KY242785.1:174351..174399:-
KY242785.1_15	0		-	11	11	0	0	yes	-	-	-	-	guggguaugauucuaaac	uuagcaguugugguauac	uuagcaguugugguauacucgagauugaguguggguaugauucuaaac	KY242785.1:4545..4593:+
KY242785.1_44	0		-	19	19	0	0	yes	-	-	-	-	ugcaauacgaccagagacagc	ugggagguaguauuguuga	ugcaauacgaccagagacagcuguaaacauggaaggaagcuuccucuugacaacugggagguaguauuguuga	KY242785.1:23017..23090:+
